model,accuracy,f1_macro,precision_macro,recall_macro,cv_accuracy
ensemble,0.839375,0.8416132010428014,0.847973102123655,0.839375,N/A
gradient_boosting,0.83375,0.8355849999621854,0.8402926701730626,0.83375,0.8278125
random_forest_optimized,0.82125,0.8239114418904822,0.8312833332414817,0.82125,0.81875
mlp_enhanced,0.81125,0.8134672192911923,0.8184625176145277,0.8112499999999999,0.8089062499999999
svm_optimized,0.800625,0.8028448862954736,0.8099292139243199,0.800625,0.7949999999999999
logistic_regression,0.71625,0.7179888757252715,0.7300755854384744,0.71625,0.71328125
